{"cameraMode":{"drawMode":0,"name":"Shaded","section":"Shading Mode"},"sceneLighting":false,"audioPlay":false,"sceneViewState":{"m_AlwaysRefresh":false,"showFog":true,"showSkybox":false,"showFlares":true,"showImageEffects":true,"showParticleSystems":true,"showVisualEffectGraphs":true,"m_FxEnabled":true},"in2DMode":false,"pivot":{"x":2.509999990463257,"y":1.2200000286102296,"z":-3.0399999618530275},"rotation":{"x":0.12182120233774185,"y":-0.006282288581132889,"z":-0.0024058925919234754,"w":0.9927859306335449},"size":0.878338098526001,"orthographic":false}